sampling_ratio1,sampling_ratio2,sampling_ratio3,sampling_knee_coef_down,sampling_knee_intercept_down,sampling_hip_coef_down,sampling_hip_intercept_down,sampling_inside_hip_coef_down,sampling_inside_hip_intercept_down,sampling_waist_coef_down,sampling_waist_intercept_down,sampling_knee_coef_up,sampling_knee_intercept_up,sampling_hip_coef_up,sampling_hip_intercept_up,sampling_inside_hip_coef_up,sampling_inside_hip_intercept_up,sampling_waist_coef_up,sampling_waist_intercept_up
0.8349573138421496,0.8369855057742999,0.8444574942004162,-0.0255735488773892,3.8629665899171424,-0.0214559512478323,3.912636631212017,0.0545588733889495,-1.1077030816560118,-0.1206229434860904,2.591713423837445,0.0262981741506719,3.628399525281232,-0.0621222981422435,3.7515730259992814,0.0609077660128313,-0.9981083580750868,-0.0350559647310289,2.4005466146494845
0.7452298498982721,0.9573639129162566,0.882111563826052,-0.0110097646107138,3.820948372201354,0.1021691336445424,3.8671701029436663,0.149525344049885,-1.1366301499743243,-0.042998492002123,2.469698372611916,-0.0192991220433879,3.63547420426278,0.0724570270324014,3.7862815295126016,0.0707296120325834,-0.9291620088086971,-0.0003013415186949,2.51629923449467
0.8112559516575943,0.8835117116107788,0.7917907863895877,-0.0310911917966396,3.811369063589301,-0.0177017456043396,3.8704285466854658,-0.0470623423644765,-1.1595380380847058,0.0679281162899654,2.69266163238113,-0.0906511915901441,3.4844648466947223,0.0611536463617385,3.759485317324154,0.1666726422532879,-0.9780630823721286,-0.0064829724191556,2.3432325823819253
0.8175997815510395,0.9119886606640502,0.8098526178118148,-0.09970086557703,3.702649339471325,-0.0845732649443754,3.944232927072437,0.0211900285283659,-1.148185480080455,-0.005094685137743,2.4782707954755208,-0.2199201459385343,3.672744639156252,-0.0220155965925641,3.870281067315847,0.0659343083975137,-0.920362481136062,-0.036011529926137,2.3271769337225705
0.8284377689252169,0.7654281952965225,0.832216764505936,-0.0378765818844915,3.7276147323768,-0.0947284703469672,3.7928494231723775,0.1921150076644207,-1.213685564199288,0.0132978806953451,2.584534131562556,0.0473396971804428,3.544092754769937,-0.065389498415246,3.7862416612476864,-0.0016995816301752,-1.0470527912680243,0.0516298910713547,2.3976494321542634
0.8170749093485933,0.9099126642069596,0.8947052127439481,0.027918563341368,3.789826640062511,0.0047985423529076,3.833383371218424,-0.0199530935750049,-1.03613200754693,-0.0039835127423302,2.570306168123263,-0.048565293845141,3.5171753997220385,0.0987266051911729,3.7248699377397343,-0.0610699477458124,-0.9269006780445826,-0.017971188053183,2.2875842492449303
0.9611995212106452,0.8959546930173248,0.9920978409448232,0.1228941452455802,3.789648237599839,0.0296103307530234,3.914287343018476,-0.0510199399772679,-1.1350882054760945,0.0067491356204323,2.6175536691683208,-0.0371279637047961,3.459507635782842,-0.1434513893790478,3.809156993445611,-0.0073601974909568,-1.039434130660623,-0.0058627673384718,2.417429156035898
1.036702193987901,0.8184143538774122,0.9451969307832628,-0.1556894252094832,3.828776197386025,-0.0206515543016729,4.08758649391709,0.0178483094912367,-1.165832727744479,0.0341667096705526,2.488269992254759,0.0523558331537876,3.615079177985283,-0.0324179931750691,3.864330640687176,0.152927785082257,-0.8375931389116478,-0.0090305944096017,2.24154149997214
0.957290836135469,0.7381758126882154,0.884989194771629,-0.0332427389096069,3.70851689315012,0.1049638482378923,3.834349238794173,-0.1001340461504003,-1.0505704054340173,0.0119927633654849,2.47425390700285,0.0934473785989455,3.5122558979697867,-0.0047307993886176,3.857648490217443,0.0480434926661422,-1.0358548144096515,0.0777112521562858,2.447647396140993
0.8805148718862461,0.8938057208979086,0.8677264182419634,-0.1132604804929128,3.8763640226927754,-0.0644365975904429,3.85958312436994,0.0978042177670499,-1.1658154866076529,0.0526142120828516,2.513206637793667,0.0605576932193393,3.5830177078647734,0.0737643268733117,3.793038662938325,-0.0370448190494443,-0.9111940756859896,-0.0258288261039364,2.2266700769158967
0.8807825947959942,0.9867607526286132,0.9613729734130692,-0.0110208692656667,3.770727859238043,0.0466834117572306,3.946000181681052,-0.0106066441714248,-1.1911223672545073,-0.102713621705546,2.475101336463828,0.1274553307451185,3.580477225778837,-0.0059569989214386,3.7745953994322687,0.0557065199702065,-0.9314167773834632,-0.0392109621131987,2.4683651042686
0.7078592790025877,0.912867543736193,0.9340228068827202,-0.0538072710208102,3.8278111305650255,-0.0177917861931332,3.9324266163541055,-0.023123158194757,-1.1348954674006502,-0.0039305986924389,2.5985097125314502,-0.1674681307215364,3.6454238161992674,0.0892827495821713,3.871100703017143,0.1026779267182497,-0.9422107549850056,0.0612190654445769,2.434840995110298
0.8787855806466981,1.0262670325101788,0.847361961302678,0.0026730916768465,3.6736721803467143,-0.0335082914498853,3.993559589557896,0.0168895481261775,-1.1224831310024517,0.0262886791508332,2.580324727455248,0.0484996097725522,3.602110890725982,-0.1043575949991129,3.783831283905952,-0.0884292854795455,-0.9658917562356626,0.0280072010679704,2.4078188554755324
0.9736944140272364,0.9085580922906796,0.778959199093348,0.0657922089063628,3.733950781098955,0.053334584209216,3.786218345022309,-0.0928072836885308,-1.180860973913883,0.1469116338369255,2.5009980348396748,-0.0674704749074856,3.603603806132959,-0.0687325088010427,3.906749750706773,0.0480906852929724,-1.070285204824989,0.0155720852639256,2.413963004867698
0.8784678635557794,0.9002790050648743,0.832845711125544,0.0014906464529676,3.814756513902738,-0.0703048572562444,3.8045089435832,-0.0591943621674164,-1.2204879880662052,-0.0488254511980903,2.6733388232617963,0.0811880972377275,3.473663540556149,-0.0666501015979687,3.8707792040454567,0.0392480952227502,-0.8907154069618172,-0.0329855509618347,2.4761092099605104
0.9339493972686218,0.7552525325716879,0.9676596548514592,-0.0235525398666818,3.670903173433187,-0.0706634987138076,3.9943686856426974,-0.1260539035352736,-1.2322979039942838,-0.0737680614846624,2.6312669306510603,-0.0334938207453116,3.694659259614204,-0.0249503969097072,3.808230812000913,-0.0936212397896393,-1.044431579106483,0.0527137842730008,2.4465890242562973
0.9246882386022258,0.8964699287203196,0.7886675864475493,-0.1812574212874955,3.836145169316037,0.0736313082749442,3.8511284089178326,-0.1697167405737599,-1.2387850851717508,-0.0243663000755283,2.5460146744764445,-0.0405445256743528,3.533854019551772,-0.1888357418190203,3.890889739358693,0.0274705267092215,-0.8712323756503841,0.0221292673512731,2.3930952019085097
0.8366667938534433,0.7678533274260461,0.7331894673462047,0.0282875620198254,3.72848664951796,0.0011760369956007,3.8858280830437866,0.0805755281363463,-1.162331181677315,-0.0372182919893328,2.469848595650832,-0.0192220828242589,3.626995793324171,-0.0457492656530094,3.76754225592373,-0.0028126741976406,-0.9805944472434536,0.1330029781768328,2.43499733917612
0.8378950277220962,0.8391304122722592,0.7951123067853578,-0.0334220710885386,3.932750800614453,-0.1047646343618418,3.941465557518221,0.0075733977723458,-1.0889313220235606,-0.1021143289989009,2.630771617441596,-0.0936982832903087,3.5263554737810803,0.0168401424215037,3.7231303669245945,0.0978715082551155,-0.9045490325362784,-0.128269192722314,2.5258078499017738
0.7893959137394474,0.8755048120130261,0.8221211369181173,-0.0502791452467735,3.695383778384671,0.0712648100797958,3.810159990896227,-0.1578949483817256,-1.06095885560346,-0.1124997956105499,2.5195102213339435,-0.1004296237554852,3.516037076476014,0.1017405108370424,3.775445094363924,-0.044041145764082,-1.0369644069682642,-0.1117819477951151,2.4094180402892977
0.8156904186604329,0.8289685632032704,0.9428088330584476,-0.0049603437490145,3.753448614668885,0.0416031419138682,3.841518313424736,0.0496177315946403,-0.9956461821203988,0.0550997598835248,2.6187532081218325,-0.0067340999860851,3.670579365896392,0.0723704517079958,3.9787846329820336,0.0189315749264574,-0.9631341578058784,-0.0124845716614746,2.364561417138296
0.9686087828860418,0.8811034968300393,0.8749796265509536,0.0718833137858289,3.714302947250197,-0.0864413575472283,3.72087391388351,-0.1091757043966503,-1.266347352659113,0.0168115731883694,2.5575296350353782,-0.0904036593272117,3.5545883609848,-0.0633488100616775,3.841673372918953,0.0054175591830566,-1.0329918573901946,0.0952162104418825,2.465286752906694
0.6759622403383231,0.8412540000955533,0.8971947207760425,-0.0696584332176566,3.849218255406457,0.0711881191243199,3.993988095831656,0.1251008685783167,-1.1494158738622888,0.0280867758139718,2.648346334557252,-0.0327103748302386,3.559825754933311,-0.1126027923588748,3.973622051807984,0.1702466687956634,-0.9668799638792815,0.0565198842201753,2.472000885675229
0.8019681677927872,0.7339440299493982,0.9108185485285752,-0.0713620128612813,3.882168722880867,0.1333127366963768,3.744733505785873,0.0517902485384293,-1.23950410535271,0.1108414152004011,2.625368860681126,0.0976851101724456,3.471723986230234,-0.0324022042113433,3.774694277509572,-0.073822418993435,-1.008185259706606,-0.0930992384750687,2.2796622030021627
0.9823491066515452,0.8445285281589342,0.9661381286528744,0.0444638341217675,3.7338721296241073,0.0938368553597778,3.97243207170326,-0.1143906602720604,-1.1545300631582158,-0.0447856131791866,2.6144784576286555,0.0063711808245031,3.5809057901681918,-0.0397943146681716,3.7720720516162367,0.0472652386749931,-1.0344372565136422,0.1272906117076155,2.439212083903312
0.8277902101882781,0.8482908915716421,0.7378749563982103,-0.0509621555592321,3.8758178153531535,-0.1426683180463103,3.803911980193366,-0.0361075649587684,-1.2753129407408976,-0.0934713730730177,2.562398066947344,-0.0610154435618538,3.631707359449266,0.0072365903036614,3.812824683118012,0.1107344475426147,-0.9581839976363716,-0.0617328124935388,2.3949852827196696
0.8913657657080735,0.8498238470864697,0.7293591293950625,0.096449699129554,3.797422575159325,-0.1881071236093699,3.796965854424801,-0.0969340892918846,-1.2116543806998628,0.09978116274033,2.651041182675894,0.0682089183215793,3.5220585475546446,-0.0836335788526755,3.886503694330609,0.0642339928652586,-0.9429959612841842,-0.0111379518288878,2.366341987443965
0.8687077573071448,0.8851083512965318,0.9206799073498144,0.0148276269455796,3.739021991612704,-0.0425880931921108,3.980867491659053,0.0701165168726997,-1.17568756334045,-0.1983881180090044,2.511138944519171,0.0615129329919596,3.544987999011742,-0.0349603236847355,3.760134931712815,0.0164690853936087,-0.9474654655600848,0.1697341176214879,2.6361223150899606
0.8415608297681298,0.7278496869940028,0.7491973272278808,-0.065636846690144,3.76673567352269,0.1457198497649555,3.890537247395137,0.2100743362275768,-1.0914276161520635,0.0459338357327689,2.6104631908451723,0.0139129853229037,3.565459646441524,-0.0445364247571045,3.898687086736495,0.1253164803351913,-0.9574821772504342,0.0862266393951579,2.41601885358187
0.8811140432292213,0.9428271030385866,0.7889891228928732,-0.0197997564023311,3.791544788684236,-0.0649153618170832,3.7800499381949138,-0.0071292470634878,-1.2774519434408926,0.031770139119137,2.555523633024587,-0.0635259857867232,3.5687091014364367,-0.0085188784387182,3.740449458128308,0.0775353318180338,-0.9296163322893668,-0.0167224582755002,2.430912217403228
0.8692901083081384,0.7716856239766363,0.8369183579650201,-0.0226304576300226,3.894112115721733,-0.0278323636436323,3.8521992319646223,-0.0167438062451451,-1.175232564533656,-0.0167120814218478,2.522213169506679,0.0124464116790582,3.66232540151755,-0.1594601596330191,3.830563877243921,0.0167738815422866,-1.104911372858825,-0.0287701268944957,2.453195238712727
0.8933923034267163,0.8708628257423029,0.934837609496144,-8.324874202641358e-06,3.730563783130537,-0.06603087696149,3.867190578026295,0.0290178155523611,-1.1900472493375072,-0.0281009217541066,2.499402296065829,0.1025805918183793,3.656311296590976,0.0577567300434565,3.775489915632724,-0.0936903503149371,-0.9503391767658136,-0.0200497433547336,2.369269372202857
0.7802009508010344,0.8901244648843767,0.8249151010495297,-0.1252561659727494,3.842826500958607,-0.1426819480372272,3.9582622903843743,0.0822696705525599,-1.2053373652748551,0.0961604438534199,2.651727758975765,-0.0040984782418107,3.558716879906614,0.0554430561418555,3.705814864733184,0.023048662126975,-1.0453921315226455,-0.0868784117270422,2.391455229978128
0.7911604038696498,0.9281609176653952,0.9157970084926264,0.0823936552113851,3.834945750627469,0.0817932004043557,3.8447689624714902,-0.0342937996399264,-1.1643111356682545,-0.066301418366903,2.5335177681413037,0.0343312212321279,3.55353115938314,0.0246681106776551,3.8664766796468095,0.0331843900084057,-0.9826135628644522,0.1473543378243256,2.4399930631296023
0.895374488906035,0.8480149375459956,0.8663396132179121,0.0486782638526722,3.772807579560943,0.0062610450916113,3.770263333470574,0.0746493713179874,-1.1702097322678766,-0.1618983265347021,2.5382104773679965,0.1118802923566019,3.555305530144792,0.0003784822184867,3.876600854021492,-0.0800768636253928,-0.9727908045018236,-0.1388205582771225,2.3895633985443747
0.8444082149889091,0.7999219039845389,0.8841949197215079,-0.0845327879154641,3.7818494725367127,0.0040596115045529,3.8523352244286366,-0.0502237380010086,-1.172734791619091,-0.0248174750888575,2.5480969874971438,0.0220385905273538,3.64388796676423,-0.1200248788767191,3.815533100041013,0.0154298957527888,-1.0128771935316796,-0.0827043795800055,2.391615135546153
0.9506756731973816,0.8319183257795174,0.8461523831394315,-0.0153181408548952,3.815844323160434,-0.0088345904522473,3.800600180619872,0.1650698803267109,-1.194888660405693,-0.0708193914635182,2.629270912716453,-0.1910022766711819,3.595488509923961,0.1185808093095979,3.935244953343036,0.0029007713559099,-0.9477762426009562,-0.0013698199643307,2.373011564001182
0.8743909272371089,0.9421355215607176,0.8471003714385906,-0.0906367346291584,3.848331510472379,-0.0472726027099028,3.872786292756629,0.0331163221176857,-1.0653469346415267,-0.0479446056422342,2.49586307733882,0.02328337632423,3.5889263100695707,-0.0775144601516262,3.770510549345286,0.1619060055106599,-1.0322323643625366,0.0367444301242238,2.293057490101892
0.8961306456513902,0.7957053358991505,0.8349590007948448,-0.0738942922689364,3.6128026897426575,-0.0840880676074965,3.97501406948504,-0.0614435635970528,-1.1656937707119184,0.0375714632418301,2.5247388258302523,0.1598635167837881,3.65610418128596,0.0425360961045117,3.7547424560067215,0.0791741304361896,-0.9553536911689084,-0.0498553762038371,2.3838705609120923
0.927986748320206,0.8101908274155675,0.867419312901256,-0.0091682498009953,3.853002651246373,-0.1311521444323509,4.034622358946014,0.1137386349843088,-1.0587605735753507,0.0161791358281178,2.7340361222944103,0.1835126364953632,3.503219464355298,0.0733061039673679,3.789055324116751,0.1057711494569084,-1.0019266920586427,-0.0879694727137269,2.3208933415561708
0.781359514514752,0.9045950329732476,0.8237564614547448,0.1387366887730322,3.7245069456913305,0.044424320757283,3.7740232971396055,-0.1141521203724148,-1.1011830213080631,-0.0439694465286518,2.513749380040966,-0.122328679865733,3.655607908418668,-0.0466587251716884,3.749753977291053,0.0642999274490124,-1.0473120669869456,-0.1171577150768473,2.3090277707272198
0.875744757958917,0.8698039220193626,0.7853368887982608,-0.0688456959789326,3.824586355688317,0.0061782875885447,3.785489568295289,-0.0939307691438644,-1.134355885111614,-0.0656649902762212,2.505641216422716,-0.1276359773227355,3.582851668241803,0.0490060552029991,3.788458617765658,0.0277301251908559,-0.9491914299531022,0.0560386569512009,2.4850853617575157
0.9416898870682132,0.7323338887267994,0.7973892587765473,-0.0388373458593098,3.821632790938253,0.0431108361295025,3.7682354621872713,0.0930628842080176,-1.025717597621934,-0.0138477474930625,2.5748487049782494,-0.0747667825588728,3.599254254565025,-0.0654507902594115,3.8238839744370168,0.0735706911035195,-0.9250018975705098,0.0439994390655013,2.410289547779705
0.8597542885094996,0.8796089996425143,0.7380730803351272,-0.0976449499223245,3.7802179937719855,-0.1342423449155399,3.8867853320003554,0.032581374617535,-1.277928865548332,-0.0761021168765024,2.5506877675542605,-0.0530996387544041,3.5247891129031643,-0.0158250460171269,3.8324041494412846,-0.1118155297622013,-1.0552255047388313,-0.0324938093451261,2.3661131622723146
0.7571402360028342,0.8629019085373879,0.8764148434438136,-0.0821233100956319,3.733539262237093,0.0073188029312133,3.876374907262537,-0.0083721989927044,-1.1072866360414704,-0.0329543064431637,2.5071691330489982,0.0301575244435703,3.64003614522537,-0.1045941139484347,3.82748884738495,0.0611574358441618,-0.9350712573716432,0.0860809737299706,2.427033831392257
0.8152072207318926,0.8106396739258767,0.86115768284128,-0.0266593403499166,3.697521469139424,-0.0325728275523054,3.915980043893693,0.0436077446583397,-1.190239380234423,0.0345890039100242,2.552114836843591,0.022930469066274,3.60236444522713,0.0993688684667098,3.714590228790391,0.1270919529231841,-1.0218695178707002,-0.0086160814195418,2.431372169380791
0.8380877276509361,0.947280229871622,0.7681864979922153,-0.1511349810297366,3.847641350909075,-0.0183248729820943,3.859782722000186,0.0651733110300526,-1.2021017863358192,0.0236957611864413,2.7020649477782954,0.0883013315132406,3.595636772953576,-0.113773946877158,3.670222948912726,-0.0943166422835456,-1.0727826584858366,-0.0443697201989107,2.277428537171484
0.9562801017657524,0.7773903258639374,0.8329291322033939,-0.0858467532999898,3.765380698674776,0.0547931587627654,3.9523304129890553,-0.0505876565931039,-1.2721574443294994,0.0781365860970457,2.5973110317733945,-0.0136350632812335,3.5593827031953853,-0.0945569376395846,3.706626416078813,0.0424119910496063,-1.0195443398484432,-0.0175169772579536,2.3603926254633625
0.8256989672473427,0.8604664183113411,0.8420659360186862,0.033393342692772,3.822654648646183,-0.0763071373357113,3.831270380435556,0.033203357132198,-1.2100744562017902,0.0289866728925666,2.538423294257331,-0.0218967589448073,3.5213129550964943,0.0871295833182728,3.89336198308337,-0.0064358100322443,-0.89113678688942,0.0771303599824719,2.4444953004952885
0.7862968582170883,0.961665916266968,0.7861490274652673,-0.1125136259450479,3.7916766581766,-0.0422745119937697,3.8785371731997262,0.0519456340539832,-1.1077587792993635,-0.0733018127795761,2.619381397949074,0.0725471543250873,3.627218721566351,-0.0724655738759683,3.7820836784284335,-0.0456731479251887,-1.01615553864544,-0.0080488071362341,2.326372972464988
0.9168057018341432,0.90157733799997,0.7940443160971977,0.0811527387362804,3.8552367867962616,-0.0796426169261101,3.762100278202944,0.0429938870991586,-1.168222115484664,-0.0196074642830726,2.6963920322111914,0.0948150418800029,3.5646531543080258,-0.1215491297207184,3.795474141872009,0.0721916846783011,-0.9845877548142524,-0.0217764074725801,2.389538136416188
0.8550074692376947,0.8608305543554619,0.7496212003901013,0.0038377672007225,3.677468360064459,-0.094853007320274,3.9016434668873226,0.0907235985757996,-1.1479720271058882,-0.0431782220222584,2.4683130328710727,-0.1445787739868241,3.561563140815546,-0.0873620821333334,3.91167866796055,0.0812548900795122,-0.9018925444604752,0.038047869735898,2.373780251989466
0.8528290485165466,0.8574117187169805,0.7444322433738677,0.0824369429091273,3.95284857703606,-0.0774189072855337,3.844129096216615,0.0501399395183312,-1.0578466643830091,-0.1076329527999796,2.534206314198133,0.0369967399765079,3.668225245708247,-0.0223078438916923,3.812260326671638,-0.0025493421835916,-1.0827173585453176,-0.0536096303405885,2.3786145210424974
0.8321760811759661,0.9355439532280568,0.9129480439221986,0.0106731099619028,3.823984788490826,-0.1009311546144414,3.926889126017105,0.0798764936265665,-1.2415673609762072,0.0884255999935277,2.6340998512451432,0.0450109749268227,3.650625063290831,-0.0981480689475342,3.700333103136556,-0.0601140469324813,-0.8958399258163008,-0.0675318363716203,2.4943466561177354
1.028831262287508,0.7062224544831603,0.8987060077009793,0.0733765438908939,3.920967418543131,-0.0306497649038808,3.9363216116786273,0.0140204982289454,-1.1941847253139024,-0.0375469220901293,2.554794199755339,0.0503016588116758,3.53450908758954,0.0026044523639,3.7514750955392033,-0.0059649548986703,-1.0723916136573168,-0.0162223351359138,2.4533228314496363
0.8301521788143841,0.9054278093020794,0.9133494874210268,0.0505457802976472,3.838552511004923,-0.0668668059308764,3.870526974546421,-0.0221689834313471,-1.1333354301356235,0.1733206280243388,2.5200996574837853,0.0039154025002247,3.619101374527848,-0.0390585803635087,3.841957037194921,-0.0325982473046425,-0.9191485021566204,-0.0340673341007907,2.381405815594688
0.7505908904593988,0.9192513751900012,0.910764444379092,0.0767674719168089,3.985507836528017,0.0593812736622395,3.899957868676638,0.0557909591808666,-1.1876513802705817,-0.024446413179865,2.497054844784344,0.123059779790057,3.65806003930176,0.0980938849566953,3.844359606788465,0.1100718721032391,-0.8726531193970518,0.0395099843303079,2.4295750455070526
0.8902626961852093,0.826489379985267,0.9382494286665664,-0.0678227753092773,3.787762322063178,-0.163152343316193,3.847488898519655,-0.0407101233685282,-1.1014082924127402,0.0716004245668829,2.477891100917106,-0.1483666626938144,3.5683440351382485,-0.1316293868503815,3.827425339933635,0.0532743606988262,-1.0994889377472117,-0.1407750002647368,2.414916297213752
0.9332402374414976,0.942349064746553,0.8596962876501266,-0.0323102850722691,3.790468133811513,-0.0318004647869506,3.9076227967992274,0.1974447332249077,-1.0919662105023955,-0.0590167146169424,2.612513114262124,-0.2712017606521694,3.611990571452719,-0.0347841022313159,3.802295861466608,0.0311626381719242,-1.0874655479808322,0.0783312033429571,2.393533552284704
0.8054030884557629,1.0620378827386894,0.8358247531223133,0.0908527787085218,3.710044758867765,-0.0529903212309783,3.899823344659721,0.011760975856647,-1.170880402267088,-0.0102399345372197,2.5443234507300887,0.0173508316041846,3.6249382773887167,0.0366382676979292,3.741339691674733,0.1183289767354687,-1.0599898108854466,0.0842757455197094,2.3970767595297366
0.8423336288026981,0.913864698265245,0.8930688545599711,0.0324236198321071,3.764392576837946,-0.0223408491405359,3.988490210693412,-0.0476745427794064,-1.1691136563433957,-0.0098708288239227,2.4151303002237827,-0.0802587188313266,3.6130639687622192,0.0943753483491799,3.801585127263172,-0.03006404554943,-0.9521902580655156,-0.0798402338293947,2.423921674762249
0.8701680196484318,0.8388337387133005,0.93248821552953,-0.0914123128377721,3.770540774266864,-0.0197516894296596,3.765639560480578,0.1445944615082716,-1.162375188200386,0.0106316600892402,2.555891899866426,-0.0816030061958214,3.6953346249376935,0.0366914285287788,3.742199550045762,-0.0345349008958129,-1.013299776772906,0.0148404463558918,2.4577490567016653
0.7385970087997267,0.913721280265983,0.9519151318512312,-0.0765427375148261,3.832401721939481,0.0319528393069701,3.9984269261235617,0.0386690907356545,-1.140300976992359,-0.0916289711123121,2.4968219254396216,0.0213249288142953,3.5095365897486976,-0.074645405156167,3.83705342831112,0.0127726971704221,-0.8663980265181915,-0.0386762872938321,2.368601238303199
0.8098978446687433,0.9220246143818326,0.7456798239589684,0.0006969571973733,3.825888878178879,-0.0804810693656238,3.951466826472251,0.016693399236335,-1.180807988666519,-0.0167875793851,2.6218202587752786,-0.0875361172069802,3.6528817318837694,-0.0051796057496155,3.868167586552529,0.0586148344425896,-0.9112620571869134,0.0942293846931396,2.3945400694301524
0.8094810760883886,0.8984252072883816,0.772659712393167,0.028266456340996,3.9642865349768703,-0.0480914275173677,3.8385208134816913,-0.0124934072317265,-1.1254224431226014,0.0793214160645788,2.663380861896813,-0.0700840212957238,3.514173635481709,-0.0443739548974273,3.819309428758814,0.2144845466695444,-0.8930145894249081,-0.1039137101558995,2.3512068312680574
0.8569260309375819,0.8151225235647781,0.8102175291301871,0.0085993857381739,3.856555185395972,-0.0143846169941185,3.8820615442769775,0.1261294618639193,-1.10737517433986,-0.0501036170672898,2.64729265617184,0.0549747947792333,3.682466558855222,-0.1123796079193148,3.719581933245804,-0.1711224055251084,-0.9166796507871686,-0.0126444491978475,2.2138103995119742
0.998739146617302,0.7420288619198117,1.0026349490605695,-0.0863105225373506,3.768749614370048,-0.0459193061037265,3.896003719422656,0.1811934587324151,-1.1313811567797625,-0.0535720907510881,2.541350382651439,0.1553535953187184,3.690497706471882,-0.0009363189205049,3.773148838837412,0.2194111027714793,-0.8991982731762651,-0.0508951695269618,2.44135944265339
0.9144111172089514,0.941566856882528,0.874739426609212,0.0170082697765584,3.846629710095285,0.0504586029118321,3.940550592318903,-0.0007660447124551,-1.1688446738718754,-0.0600866882013328,2.5008563158420443,-0.046983796014827,3.6927540276921103,0.1192817019410268,3.8967678208263457,0.029364078828519,-1.019826970381889,-0.01640321519017,2.399928191697899
0.8723021998179119,0.9500243279353217,0.7299097747143395,-0.066063885389974,3.752661690107942,-0.0813146027526445,3.9251100514912816,0.048631797830466,-1.1819322522479427,0.0121956760397417,2.619744202273656,-0.0273891872012347,3.693961186279819,-0.0299799616970732,3.847961419072383,0.099010067689858,-1.0133181201385328,-0.0244541396193483,2.379981710188248
0.9150592923815866,0.8458094172497969,0.8615452668421301,-0.0880578897133857,3.7861582700719407,-0.1295705408266344,3.835324130757722,0.1036280335996434,-1.0821086031879648,0.0450018740957209,2.546930986709669,-0.0365096559773359,3.648560670169199,-0.0314467588089822,3.6998828303013793,-0.1218756258905775,-0.9785993376089124,-0.1093414271698238,2.396173240030496
0.8986249870658071,0.8748557651209494,0.8470285084241673,0.0180747937238236,3.81702169129381,0.0732162624169263,3.903247960100978,-0.0391733351564478,-1.0497071424807445,0.0361709388806597,2.511146928202422,-0.0445193157179365,3.634357261719584,-0.0837127227078819,3.75047112597732,0.0239930042842948,-1.1209533657999764,0.0793786011844743,2.4820567627273413
0.8793830973087945,0.8693199687509573,0.8576632999211434,0.0211821874323639,3.784036422858696,-0.0218758344621776,3.8167464909030233,0.076341839754336,-1.1932983193846094,-0.0790137675448203,2.586490960624489,-0.0417362759819163,3.598424564261608,-0.008103913648174,3.863703190581769,-0.0955364784617149,-1.042638128341206,-0.0412050257986829,2.4558559851677204
0.8880344614206424,0.9130873781687604,0.7837218584079789,0.0439525965049271,3.6806305170285314,-0.1557547271180898,3.911042836292815,-0.0912424337832364,-1.0943866298686091,-0.0813705014738712,2.649942215613071,-0.0019226859636178,3.5809956940316248,0.0784753043375303,3.790532211740305,0.1063089315609505,-0.9267231234393584,0.0063599925472733,2.376254618323392
0.8008687856040245,0.8314406941598975,0.9058591022727106,0.0311999583791277,3.924275193930055,-0.038281724839087,3.89161683634156,-0.0453609479717836,-1.0655122303320592,0.0581113061846576,2.698538694769125,0.0440544944374476,3.496110510099858,-0.0075441002701021,3.696676546936293,0.0295077023056658,-0.9042984100134068,-0.0672207279888028,2.3548268455565498
0.8970119117288625,0.804473096741344,0.944736783023546,0.0429476471143073,3.873429041489834,-0.0432702668650168,3.952347888126995,0.0154008454142981,-1.108572810751257,0.114203464566737,2.423723597309979,-0.1058748241285135,3.668945546106924,-0.074145361895752,3.773780084436077,-0.0420296181075813,-1.0188413703936048,-0.0640338923122323,2.400766786342381
0.8496077494325132,0.7996040949183227,0.8570576675225019,-0.0739630015190554,3.9482496515378864,-0.0530624883475547,3.983829693693687,0.0039991402398178,-1.1301767053696998,0.0313926773078492,2.5541332282138183,-0.0116538942924355,3.5397615872035697,-0.0801258350565925,3.922400786849174,0.0076813830264515,-0.9183784006693472,-0.0511587293548252,2.515353811039688
0.7600594362486355,0.9249888578283896,0.8590532038101634,-0.0095736946428254,3.865384025156631,0.0177576198461135,3.910618154130468,0.0334736570746855,-1.1698815194531842,0.0200871928885346,2.435326985979478,0.0359333273571823,3.4723515031548216,0.0159355830645784,3.673151752013633,0.0646042463711429,-1.0416437137367809,-0.0667402081169777,2.4441091809344093
0.9335923165885632,0.8241322246588866,0.8425691568811472,-0.0394670842227335,3.87294872499774,-0.0037810290760345,3.874934966642552,0.0559498416074611,-1.1102607783458165,-0.1060759012293681,2.588693449854307,-0.0828348781520477,3.6253219236958816,-0.103130512300622,3.778056133014512,0.0742716161574845,-1.1294716792454396,0.0770578427069334,2.505411869417892
0.8587972513361218,0.9127170618751038,0.9523429961716828,0.0531621046709588,3.64089520981428,0.0418680909495,4.013371208041724,-0.1148320125512569,-1.274393969214008,-0.0011445423488,2.5618175575471573,-0.1030763356805831,3.635503589817813,-0.0027684833834625,3.7597343461508217,-0.0465852541752225,-1.0146707174317813,-0.0714480148932817,2.297534544053151
0.8358999032274814,0.8182498385921705,0.924161429024557,-0.0730108446055454,3.838256332531204,-0.0228519592349595,3.874492756648433,0.0997859761262277,-1.1622202554962926,-0.066968291041467,2.4730635151379667,-0.0301579961060745,3.5902312532345086,-0.1614272120661797,3.905347489292171,-0.1320544283373754,-0.92238030301624,-0.1119381790205924,2.3611826869573105
0.8689666627144841,0.8775646852339041,0.929528899158108,0.027928157759077,3.886184796048925,-0.134497235415155,3.7474324552271856,0.0018098351081626,-1.136075446860951,-0.0094757381255138,2.651733589895894,-0.0379684960789252,3.4887155558760514,-0.0372538928463083,3.694903646784897,0.0267131124372542,-1.1042664182169122,-0.0968679852139066,2.41961198871775
0.811764831921427,0.9851376185365694,0.8553959325079065,-0.0035469154554751,3.721905960186643,-0.0116605016128868,3.907874030640325,-0.1006547496542641,-1.2786351256447284,-0.01754558417742,2.532225484638572,-0.0235230571478718,3.666139061809616,-0.0709544855055894,3.766643931720692,-0.0322282025014168,-1.0365800046446867,-0.060434212221431,2.380366195209075
0.7642385789059223,0.8323672535280879,0.9201271403191984,0.0558996050690693,3.853304861982849,0.0610872187715667,3.7941895570460415,-0.0487064837720385,-1.1146425051689874,0.0860312693241297,2.556502215250039,-0.0138411989230358,3.6221595576409658,-0.1347363600183127,3.853591091644493,0.0490289913272514,-1.0903436534480972,0.0613490063520004,2.4403950184328425
0.8405072601915657,0.8352930620556168,0.6885423901239548,-0.0035712565061119,3.893852713608752,-0.0499497504362497,3.877463102158992,-0.0237457131265857,-1.1869711359996094,0.0723160247239561,2.5425297171014725,-0.0473961878967444,3.650648926976765,0.0757350810800838,3.737223217008649,-0.0519182534443506,-0.9482267667783664,-0.1867093906618486,2.347411714771815
0.8086528124844717,0.7661743949720621,0.9143251102284105,0.0160036880272309,3.6746481711307046,-0.131079044110062,3.8940806371980816,0.0734114048844182,-1.2510729265071534,-0.0377108470378078,2.5957187924807146,-0.0410791693327401,3.603273266455541,-0.0620389396490845,3.787879926503843,-0.0633773154001917,-1.0535240102073458,0.0643506709114356,2.327193547832157
0.8408014937289127,0.8782519321227453,0.8072824397431321,0.0128327804643691,3.7517013460249777,0.0804034571259853,3.921262565036977,0.0155838441299679,-1.0974672201696214,-0.0147315086622345,2.4747825559696466,-0.029988247700358,3.629020597922224,-0.00513429331218,3.8240278238407006,-0.0409586912933666,-0.9013460278763068,-0.0934027998078854,2.4870378225829737
0.9200047647343196,0.8702479350351459,0.8995925676896519,-0.0654214589647831,3.8785517012519,0.0324711988674897,3.93589298667971,0.0342894498219358,-1.1680576775595473,0.0325948004805323,2.6120183023132557,-0.1337076354212629,3.721105466149286,0.0393093183439625,3.8032173718128175,-0.1203866302034638,-0.9497385153510504,-0.0017377715067344,2.4268085972971973
0.8546600140226762,0.8616288503454043,0.8132933108389829,-0.0552750568515953,3.754198565268412,-0.0408583122012504,3.922928823285082,0.1520865644758201,-1.1132260686544366,-0.1385178435049466,2.6284865570039493,-0.007236174288901,3.673904416804873,0.0170322374070963,3.827632773722821,0.0761932827802465,-0.9493264758330996,0.0274281533119689,2.4407678990186343
0.8525242580781073,0.8100207944118225,0.9031724520250765,0.0627203734610842,3.708527211251857,0.0744991948161138,3.848275442299917,-0.0231083411281981,-1.1766121874332396,-0.0744228566381778,2.6980716777486564,-0.0800019342653874,3.5927386650221163,0.0066203401275618,3.77133235041419,-0.0385867258935361,-1.022946560675587,0.0359229111568729,2.4182003798075224
0.9442796096754572,0.7742708241687577,0.9496443173477628,-0.1197978855814051,3.797825583195855,-0.1281463520635151,3.86415003299773,0.0406466844400763,-1.1531866861878288,-0.1536997319472909,2.690722398962896,-0.046255564314086,3.6645670604558154,-0.0329090665554312,3.826008686993446,-0.0424235300457603,-1.0226374209971754,-0.0535777460118554,2.40959727129096
0.7333524244751255,0.7404522488826698,0.7334064593389715,0.0089235858406007,3.780691664861858,-0.011207623326937,3.947256765211053,0.0579826661224182,-1.034948067606938,-0.1793587513453148,2.4926774566467764,0.042275274763839,3.576102302762621,0.0111441125597554,3.795821423723485,0.0107184379446672,-1.0147928457514996,0.0157636647518077,2.448420130250659
0.8918163271948336,0.9569691407464948,0.8269998604459926,-0.0188527248051272,3.948304629502401,-0.1666294549889689,3.860385716334073,-0.0312063792007183,-1.0955921185901305,0.0058994217413074,2.590809741617229,-0.0465811684485387,3.5920950970261765,0.0442705526128851,3.8429394594262174,-0.0039893714251077,-0.9819642352633968,-0.072907954859442,2.5352888908833253
0.9128126872634272,0.82077244748224,0.8112107707677447,0.0181615883230734,3.769773027632828,-0.0373079874633456,3.8290644958490128,-0.0747371341225506,-1.1028095946490817,0.0140049251745361,2.654303105948786,-0.1222975393338353,3.549645624345912,-0.0280190650043497,3.795679882939472,0.0239017715285634,-0.8887884752307174,0.150564238835761,2.306313577834389
0.8219453824741711,0.7388852137840207,0.8431591284814287,-0.0752269921342841,3.748809135720211,-0.0484095551564625,3.864929500851788,-0.0336780416026343,-1.185433019297984,-0.0904504170735594,2.527504853291956,-0.0861661773175126,3.541435356788033,-0.0900173301702971,3.8724682056450574,0.0422979872233971,-1.0150637149593684,-0.0731193109466697,2.43718992697918
0.8782643935016119,0.873048505315991,0.8718032455391908,0.014871701144827,3.934435248229032,0.0089626820133741,3.85925579697728,0.1118514179769354,-1.2637536239013785,-0.0280604850767052,2.4666726487735358,-0.0750759866568291,3.5592521173073104,-0.0015610510760243,3.7978128731960714,-0.0458717076748196,-0.9750562314322564,0.0249159294163524,2.4445156045680894
0.8367623541565097,0.9745058776729622,0.8500506455567037,0.0685104481637199,3.7896570162911623,-0.0374338037756099,3.891986235214789,0.1289467588767297,-1.189229021614612,-0.0585563675764345,2.6538617193009078,-0.000228530535085,3.5036744851351016,-0.0994288254547815,3.870189146223276,0.0908008549435562,-0.9807011865056116,0.0054313067322139,2.493153238500414
0.953150684975255,0.8022028356611598,0.8956228093905759,-0.0377122889838304,3.82486714757991,0.0491970376242472,3.8295537161220783,0.0836683521908227,-1.2911451046271094,-0.041697983724444,2.538573799207826,-0.0394895563883633,3.695332009963674,-0.0923385519169592,3.829412332307106,-0.0124756191751271,-0.9846074392185687,-0.0147468556778133,2.303842466997805
0.8971335298261809,0.8432411294777135,0.8185081630767459,-0.0511136514972237,3.860088172410128,-0.0860899699685089,3.86739939765304,0.0357006088721183,-1.2304636719059137,-0.0260460924076231,2.586451422593866,0.0896115379274566,3.54600479303334,-0.0127350626991522,3.840835191737565,0.0314955574466718,-0.9056884285069569,0.0250087777488235,2.5373562513587147
0.8509270961688322,0.8335641017743846,0.9361803329386068,-0.0388101903973693,3.755477125933674,-0.0630089344940786,3.848206641892255,-0.0980028183988071,-1.068901383119456,0.0725937818393222,2.5578905919360424,-0.0953580671038438,3.5753430386121123,-0.058799051332589,3.887627642030832,0.0508584841441873,-0.8623253535453371,-0.1639781638626803,2.406324333034683
0.9508467693220596,0.8037079928555163,0.852095924569796,-0.0554365514317616,3.5925322390863283,-0.0629296765798126,3.9280366628478096,-0.0386578056070453,-1.2161161195031658,-0.0612117150378142,2.551221894512378,-0.0206736052307649,3.605223257536581,-0.0907216908585532,3.8323407296471657,0.0633433001681992,-0.9980897203052816,0.0041854243965959,2.3524071017312957
